{
  "$schema": "https://turbo.build/schema.json",
  "globalDependencies": ["**/.env.*local"],
  "pipeline": {
    "build": {
      "dependsOn": ["^build"],
      "outputs": ["dist/**", ".next/**", "build/**"]
    },
    "lint": {
      "outputs": []
    },
    "dev": {
      "cache": false,
      "persistent": true
    },
    "test": {
      "dependsOn": ["build"],
      "outputs": ["coverage/**"]
    },
    "deploy": {
      "dependsOn": ["build", "test"],
      "outputs": ["dist/**"]
    }
  }
}
